DN_ID,Phenotype,Pubmed_ID,Variant38
dn22998,Autism spectrum disorder,25363768,10_79306283_G/A
dn23420,Autism spectrum disorder,25363768,11_117191957_C/T
dn314945,Congenital heart disease,28991257,1_109236443_G/A
dn18483,Autism spectrum disorder,25363760,1_92080586_G/A
dn67216,Undiagnosed developmental disorders,28135719,7_44147661_G/A
dn68236,Undiagnosed developmental disorders,28135719,10_75022006_G/A
dn26249,Schizophrenia,26508570,12_89523356_G/A
dn24856,Autism spectrum disorder,25363768,18_55261466_C/T
dn20190,Autism spectrum disorder,25363768,1_24337687_C/T
dn6202,Epileptic encephalopathie,23934111,5_179615591_T/C
dn21980,Autism spectrum disorder,30545852,6_33432252_G/A
dn65538,Undiagnosed developmental disorders,28135719,2_222295529_T/C
dn318332,Autism spectrum disorder,29346770,X_19355483_C/T
